{
   "baseline" : 36,
   "characterSet" : "abcdefghijklmnopqrstuvwxyzABCDEFGHIJKLMNOPQRSTUVWXYZ0123456789 ,.?!'\"_+-=*:;#/\\@$%&^<>{}[]()",
   "file" : "OpenSans-CondBold_48",
   "glyphs" : [
      {
         "advanceX" : 22,
         "bearingX" : 1,
         "bearingY" : 26,
         "character" : "a",
         "frame" : {
            "h" : 26.0,
            "w" : 19.0,
            "x" : 13.0,
            "y" : 26.0
         }
      },
      {
         "advanceX" : 24,
         "bearingX" : 2,
         "bearingY" : 36,
         "character" : "b",
         "frame" : {
            "h" : 36.0,
            "w" : 21.0,
            "x" : 54.0,
            "y" : 16.0
         }
      },
      {
         "advanceX" : 18,
         "bearingX" : 1,
         "bearingY" : 26,
         "character" : "c",
         "frame" : {
            "h" : 26.0,
            "w" : 17.0,
            "x" : 98.0,
            "y" : 26.0
         }
      },
      {
         "advanceX" : 24,
         "bearingX" : 1,
         "bearingY" : 36,
         "character" : "d",
         "frame" : {
            "h" : 36.0,
            "w" : 21.0,
            "x" : 138.0,
            "y" : 16.0
         }
      },
      {
         "advanceX" : 22,
         "bearingX" : 1,
         "bearingY" : 26,
         "character" : "e",
         "frame" : {
            "h" : 26.0,
            "w" : 20.0,
            "x" : 181.0,
            "y" : 26.0
         }
      },
      {
         "advanceX" : 14,
         "bearingX" : 0,
         "bearingY" : 36,
         "character" : "f",
         "frame" : {
            "h" : 36.0,
            "w" : 16.0,
            "x" : 225.0,
            "y" : 16.0
         }
      },
      {
         "advanceX" : 22,
         "bearingX" : 0,
         "bearingY" : 26,
         "character" : "g",
         "frame" : {
            "h" : 38.0,
            "w" : 22.0,
            "x" : 264.0,
            "y" : 14.0
         }
      },
      {
         "advanceX" : 24,
         "bearingX" : 2,
         "bearingY" : 36,
         "character" : "h",
         "frame" : {
            "h" : 36.0,
            "w" : 20.0,
            "x" : 307.0,
            "y" : 16.0
         }
      },
      {
         "advanceX" : 12,
         "bearingX" : 2,
         "bearingY" : 36,
         "character" : "i",
         "frame" : {
            "h" : 36.0,
            "w" : 8.0,
            "x" : 355.0,
            "y" : 16.0
         }
      },
      {
         "advanceX" : 12,
         "bearingX" : -2,
         "bearingY" : 36,
         "character" : "j",
         "frame" : {
            "h" : 48.0,
            "w" : 12.0,
            "x" : 395.0,
            "y" : 4.0
         }
      },
      {
         "advanceX" : 23,
         "bearingX" : 2,
         "bearingY" : 36,
         "character" : "k",
         "frame" : {
            "h" : 36.0,
            "w" : 22.0,
            "x" : 12.0,
            "y" : 68.0
         }
      },
      {
         "advanceX" : 11,
         "bearingX" : 2,
         "bearingY" : 36,
         "character" : "l",
         "frame" : {
            "h" : 36.0,
            "w" : 7.0,
            "x" : 61.0,
            "y" : 68.0
         }
      },
      {
         "advanceX" : 37,
         "bearingX" : 2,
         "bearingY" : 26,
         "character" : "m",
         "frame" : {
            "h" : 26.0,
            "w" : 33.0,
            "x" : 90.0,
            "y" : 78.0
         }
      },
      {
         "advanceX" : 24,
         "bearingX" : 2,
         "bearingY" : 26,
         "character" : "n",
         "frame" : {
            "h" : 26.0,
            "w" : 20.0,
            "x" : 139.0,
            "y" : 78.0
         }
      },
      {
         "advanceX" : 24,
         "bearingX" : 1,
         "bearingY" : 26,
         "character" : "o",
         "frame" : {
            "h" : 26.0,
            "w" : 22.0,
            "x" : 180.0,
            "y" : 78.0
         }
      },
      {
         "advanceX" : 24,
         "bearingX" : 2,
         "bearingY" : 26,
         "character" : "p",
         "frame" : {
            "h" : 38.0,
            "w" : 21.0,
            "x" : 222.0,
            "y" : 66.0
         }
      },
      {
         "advanceX" : 24,
         "bearingX" : 1,
         "bearingY" : 26,
         "character" : "q",
         "frame" : {
            "h" : 38.0,
            "w" : 21.0,
            "x" : 264.0,
            "y" : 66.0
         }
      },
      {
         "advanceX" : 16,
         "bearingX" : 2,
         "bearingY" : 26,
         "character" : "r",
         "frame" : {
            "h" : 26.0,
            "w" : 14.0,
            "x" : 310.0,
            "y" : 78.0
         }
      },
      {
         "advanceX" : 18,
         "bearingX" : 1,
         "bearingY" : 26,
         "character" : "s",
         "frame" : {
            "h" : 26.0,
            "w" : 16.0,
            "x" : 351.0,
            "y" : 78.0
         }
      },
      {
         "advanceX" : 16,
         "bearingX" : 0,
         "bearingY" : 32,
         "character" : "t",
         "frame" : {
            "h" : 32.0,
            "w" : 15.0,
            "x" : 393.0,
            "y" : 72.0
         }
      },
      {
         "advanceX" : 24,
         "bearingX" : 2,
         "bearingY" : 26,
         "character" : "u",
         "frame" : {
            "h" : 26.0,
            "w" : 20.0,
            "x" : 13.0,
            "y" : 130.0
         }
      },
      {
         "advanceX" : 21,
         "bearingX" : 0,
         "bearingY" : 26,
         "character" : "v",
         "frame" : {
            "h" : 26.0,
            "w" : 21.0,
            "x" : 54.0,
            "y" : 130.0
         }
      },
      {
         "advanceX" : 35,
         "bearingX" : 0,
         "bearingY" : 26,
         "character" : "w",
         "frame" : {
            "h" : 26.0,
            "w" : 35.0,
            "x" : 89.0,
            "y" : 130.0
         }
      },
      {
         "advanceX" : 21,
         "bearingX" : 0,
         "bearingY" : 26,
         "character" : "x",
         "frame" : {
            "h" : 26.0,
            "w" : 21.0,
            "x" : 138.0,
            "y" : 130.0
         }
      },
      {
         "advanceX" : 21,
         "bearingX" : 0,
         "bearingY" : 26,
         "character" : "y",
         "frame" : {
            "h" : 38.0,
            "w" : 21.0,
            "x" : 180.0,
            "y" : 118.0
         }
      },
      {
         "advanceX" : 17,
         "bearingX" : 0,
         "bearingY" : 26,
         "character" : "z",
         "frame" : {
            "h" : 26.0,
            "w" : 17.0,
            "x" : 224.0,
            "y" : 130.0
         }
      },
      {
         "advanceX" : 26,
         "bearingX" : 0,
         "bearingY" : 34,
         "character" : "A",
         "frame" : {
            "h" : 34.0,
            "w" : 26.0,
            "x" : 262.0,
            "y" : 122.0
         }
      },
      {
         "advanceX" : 24,
         "bearingX" : 2,
         "bearingY" : 34,
         "character" : "B",
         "frame" : {
            "h" : 34.0,
            "w" : 21.0,
            "x" : 306.0,
            "y" : 122.0
         }
      },
      {
         "advanceX" : 22,
         "bearingX" : 1,
         "bearingY" : 34,
         "character" : "C",
         "frame" : {
            "h" : 34.0,
            "w" : 21.0,
            "x" : 348.0,
            "y" : 122.0
         }
      },
      {
         "advanceX" : 27,
         "bearingX" : 3,
         "bearingY" : 34,
         "character" : "D",
         "frame" : {
            "h" : 34.0,
            "w" : 23.0,
            "x" : 389.0,
            "y" : 122.0
         }
      },
      {
         "advanceX" : 20,
         "bearingX" : 2,
         "bearingY" : 34,
         "character" : "E",
         "frame" : {
            "h" : 34.0,
            "w" : 17.0,
            "x" : 14.0,
            "y" : 174.0
         }
      },
      {
         "advanceX" : 20,
         "bearingX" : 3,
         "bearingY" : 34,
         "character" : "F",
         "frame" : {
            "h" : 34.0,
            "w" : 16.0,
            "x" : 57.0,
            "y" : 174.0
         }
      },
      {
         "advanceX" : 26,
         "bearingX" : 1,
         "bearingY" : 34,
         "character" : "G",
         "frame" : {
            "h" : 34.0,
            "w" : 23.0,
            "x" : 95.0,
            "y" : 174.0
         }
      },
      {
         "advanceX" : 27,
         "bearingX" : 3,
         "bearingY" : 34,
         "character" : "H",
         "frame" : {
            "h" : 34.0,
            "w" : 21.0,
            "x" : 138.0,
            "y" : 174.0
         }
      },
      {
         "advanceX" : 14,
         "bearingX" : 4,
         "bearingY" : 34,
         "character" : "I",
         "frame" : {
            "h" : 34.0,
            "w" : 7.0,
            "x" : 187.0,
            "y" : 174.0
         }
      },
      {
         "advanceX" : 12,
         "bearingX" : -4,
         "bearingY" : 34,
         "character" : "J",
         "frame" : {
            "h" : 44.0,
            "w" : 14.0,
            "x" : 226.0,
            "y" : 164.0
         }
      },
      {
         "advanceX" : 24,
         "bearingX" : 2,
         "bearingY" : 34,
         "character" : "K",
         "frame" : {
            "h" : 34.0,
            "w" : 22.0,
            "x" : 264.0,
            "y" : 174.0
         }
      },
      {
         "advanceX" : 19,
         "bearingX" : 2,
         "bearingY" : 34,
         "character" : "L",
         "frame" : {
            "h" : 34.0,
            "w" : 16.0,
            "x" : 309.0,
            "y" : 174.0
         }
      },
      {
         "advanceX" : 38,
         "bearingX" : 3,
         "bearingY" : 34,
         "character" : "M",
         "frame" : {
            "h" : 34.0,
            "w" : 32.0,
            "x" : 343.0,
            "y" : 174.0
         }
      },
      {
         "advanceX" : 30,
         "bearingX" : 3,
         "bearingY" : 34,
         "character" : "N",
         "frame" : {
            "h" : 34.0,
            "w" : 24.0,
            "x" : 389.0,
            "y" : 174.0
         }
      },
      {
         "advanceX" : 29,
         "bearingX" : 2,
         "bearingY" : 34,
         "character" : "O",
         "frame" : {
            "h" : 34.0,
            "w" : 25.0,
            "x" : 10.0,
            "y" : 226.0
         }
      },
      {
         "advanceX" : 23,
         "bearingX" : 3,
         "bearingY" : 34,
         "character" : "P",
         "frame" : {
            "h" : 34.0,
            "w" : 19.0,
            "x" : 55.0,
            "y" : 226.0
         }
      },
      {
         "advanceX" : 29,
         "bearingX" : 2,
         "bearingY" : 34,
         "character" : "Q",
         "frame" : {
            "h" : 42.0,
            "w" : 26.0,
            "x" : 94.0,
            "y" : 218.0
         }
      },
      {
         "advanceX" : 24,
         "bearingX" : 3,
         "bearingY" : 34,
         "character" : "R",
         "frame" : {
            "h" : 34.0,
            "w" : 21.0,
            "x" : 138.0,
            "y" : 226.0
         }
      },
      {
         "advanceX" : 20,
         "bearingX" : 1,
         "bearingY" : 34,
         "character" : "S",
         "frame" : {
            "h" : 34.0,
            "w" : 18.0,
            "x" : 182.0,
            "y" : 226.0
         }
      },
      {
         "advanceX" : 21,
         "bearingX" : 0,
         "bearingY" : 34,
         "character" : "T",
         "frame" : {
            "h" : 34.0,
            "w" : 21.0,
            "x" : 222.0,
            "y" : 226.0
         }
      },
      {
         "advanceX" : 27,
         "bearingX" : 2,
         "bearingY" : 34,
         "character" : "U",
         "frame" : {
            "h" : 34.0,
            "w" : 23.0,
            "x" : 263.0,
            "y" : 226.0
         }
      },
      {
         "advanceX" : 24,
         "bearingX" : 0,
         "bearingY" : 34,
         "character" : "V",
         "frame" : {
            "h" : 34.0,
            "w" : 24.0,
            "x" : 305.0,
            "y" : 226.0
         }
      },
      {
         "advanceX" : 38,
         "bearingX" : 0,
         "bearingY" : 34,
         "character" : "W",
         "frame" : {
            "h" : 34.0,
            "w" : 38.0,
            "x" : 340.0,
            "y" : 226.0
         }
      },
      {
         "advanceX" : 23,
         "bearingX" : 0,
         "bearingY" : 34,
         "character" : "X",
         "frame" : {
            "h" : 34.0,
            "w" : 23.0,
            "x" : 389.0,
            "y" : 226.0
         }
      },
      {
         "advanceX" : 23,
         "bearingX" : 0,
         "bearingY" : 34,
         "character" : "Y",
         "frame" : {
            "h" : 34.0,
            "w" : 23.0,
            "x" : 11.0,
            "y" : 278.0
         }
      },
      {
         "advanceX" : 21,
         "bearingX" : 1,
         "bearingY" : 34,
         "character" : "Z",
         "frame" : {
            "h" : 34.0,
            "w" : 19.0,
            "x" : 55.0,
            "y" : 278.0
         }
      },
      {
         "advanceX" : 22,
         "bearingX" : 1,
         "bearingY" : 34,
         "character" : "0",
         "frame" : {
            "h" : 34.0,
            "w" : 20.0,
            "x" : 97.0,
            "y" : 278.0
         }
      },
      {
         "advanceX" : 22,
         "bearingX" : 2,
         "bearingY" : 34,
         "character" : "1",
         "frame" : {
            "h" : 34.0,
            "w" : 15.0,
            "x" : 141.0,
            "y" : 278.0
         }
      },
      {
         "advanceX" : 22,
         "bearingX" : 1,
         "bearingY" : 34,
         "character" : "2",
         "frame" : {
            "h" : 34.0,
            "w" : 19.0,
            "x" : 181.0,
            "y" : 278.0
         }
      },
      {
         "advanceX" : 22,
         "bearingX" : 1,
         "bearingY" : 34,
         "character" : "3",
         "frame" : {
            "h" : 34.0,
            "w" : 19.0,
            "x" : 223.0,
            "y" : 278.0
         }
      },
      {
         "advanceX" : 22,
         "bearingX" : 0,
         "bearingY" : 34,
         "character" : "4",
         "frame" : {
            "h" : 34.0,
            "w" : 22.0,
            "x" : 264.0,
            "y" : 278.0
         }
      },
      {
         "advanceX" : 22,
         "bearingX" : 2,
         "bearingY" : 34,
         "character" : "5",
         "frame" : {
            "h" : 34.0,
            "w" : 18.0,
            "x" : 308.0,
            "y" : 278.0
         }
      },
      {
         "advanceX" : 22,
         "bearingX" : 1,
         "bearingY" : 34,
         "character" : "6",
         "frame" : {
            "h" : 34.0,
            "w" : 20.0,
            "x" : 349.0,
            "y" : 278.0
         }
      },
      {
         "advanceX" : 22,
         "bearingX" : 1,
         "bearingY" : 34,
         "character" : "7",
         "frame" : {
            "h" : 34.0,
            "w" : 20.0,
            "x" : 391.0,
            "y" : 278.0
         }
      },
      {
         "advanceX" : 22,
         "bearingX" : 1,
         "bearingY" : 34,
         "character" : "8",
         "frame" : {
            "h" : 34.0,
            "w" : 20.0,
            "x" : 13.0,
            "y" : 330.0
         }
      },
      {
         "advanceX" : 22,
         "bearingX" : 1,
         "bearingY" : 34,
         "character" : "9",
         "frame" : {
            "h" : 34.0,
            "w" : 20.0,
            "x" : 55.0,
            "y" : 330.0
         }
      },
      {
         "advanceX" : 12,
         "bearingX" : 0,
         "bearingY" : 0,
         "character" : " ",
         "frame" : {
            "h" : 0.0,
            "w" : 0.0,
            "x" : 107.0,
            "y" : 364.0
         }
      },
      {
         "advanceX" : 13,
         "bearingX" : 1,
         "bearingY" : 6,
         "character" : ",",
         "frame" : {
            "h" : 12.0,
            "w" : 10.0,
            "x" : 144.0,
            "y" : 352.0
         }
      },
      {
         "advanceX" : 13,
         "bearingX" : 2,
         "bearingY" : 8,
         "character" : ".",
         "frame" : {
            "h" : 8.0,
            "w" : 9.0,
            "x" : 186.0,
            "y" : 356.0
         }
      },
      {
         "advanceX" : 18,
         "bearingX" : 0,
         "bearingY" : 34,
         "character" : "?",
         "frame" : {
            "h" : 34.0,
            "w" : 17.0,
            "x" : 224.0,
            "y" : 330.0
         }
      },
      {
         "advanceX" : 13,
         "bearingX" : 2,
         "bearingY" : 34,
         "character" : "!",
         "frame" : {
            "h" : 34.0,
            "w" : 9.0,
            "x" : 270.0,
            "y" : 330.0
         }
      },
      {
         "advanceX" : 12,
         "bearingX" : 2,
         "bearingY" : 34,
         "character" : "'",
         "frame" : {
            "h" : 12.0,
            "w" : 8.0,
            "x" : 313.0,
            "y" : 352.0
         }
      },
      {
         "advanceX" : 21,
         "bearingX" : 2,
         "bearingY" : 34,
         "character" : "\"",
         "frame" : {
            "h" : 12.0,
            "w" : 17.0,
            "x" : 350.0,
            "y" : 352.0
         }
      },
      {
         "advanceX" : 16,
         "bearingX" : -1,
         "bearingY" : -4,
         "character" : "_",
         "frame" : {
            "h" : 4.0,
            "w" : 18.0,
            "x" : 392.0,
            "y" : 360.0
         }
      },
      {
         "advanceX" : 22,
         "bearingX" : 2,
         "bearingY" : 28,
         "character" : "+",
         "frame" : {
            "h" : 23.0,
            "w" : 18.0,
            "x" : 14.0,
            "y" : 393.0
         }
      },
      {
         "advanceX" : 15,
         "bearingX" : 1,
         "bearingY" : 16,
         "character" : "-",
         "frame" : {
            "h" : 6.0,
            "w" : 13.0,
            "x" : 58.0,
            "y" : 410.0
         }
      },
      {
         "advanceX" : 22,
         "bearingX" : 2,
         "bearingY" : 24,
         "character" : "=",
         "frame" : {
            "h" : 14.0,
            "w" : 18.0,
            "x" : 98.0,
            "y" : 402.0
         }
      },
      {
         "advanceX" : 22,
         "bearingX" : 1,
         "bearingY" : 36,
         "character" : "*",
         "frame" : {
            "h" : 19.0,
            "w" : 20.0,
            "x" : 139.0,
            "y" : 397.0
         }
      },
      {
         "advanceX" : 13,
         "bearingX" : 2,
         "bearingY" : 26,
         "character" : ":",
         "frame" : {
            "h" : 26.0,
            "w" : 9.0,
            "x" : 186.0,
            "y" : 390.0
         }
      },
      {
         "advanceX" : 13,
         "bearingX" : 1,
         "bearingY" : 26,
         "character" : ";",
         "frame" : {
            "h" : 32.0,
            "w" : 10.0,
            "x" : 228.0,
            "y" : 384.0
         }
      },
      {
         "advanceX" : 26,
         "bearingX" : 0,
         "bearingY" : 34,
         "character" : "#",
         "frame" : {
            "h" : 34.0,
            "w" : 26.0,
            "x" : 262.0,
            "y" : 382.0
         }
      },
      {
         "advanceX" : 19,
         "bearingX" : 0,
         "bearingY" : 34,
         "character" : "/",
         "frame" : {
            "h" : 34.0,
            "w" : 19.0,
            "x" : 307.0,
            "y" : 382.0
         }
      },
      {
         "advanceX" : 19,
         "bearingX" : 0,
         "bearingY" : 34,
         "character" : "\\",
         "frame" : {
            "h" : 34.0,
            "w" : 19.0,
            "x" : 349.0,
            "y" : 382.0
         }
      },
      {
         "advanceX" : 35,
         "bearingX" : 1,
         "bearingY" : 34,
         "character" : "@",
         "frame" : {
            "h" : 38.0,
            "w" : 33.0,
            "x" : 384.0,
            "y" : 378.0
         }
      },
      {
         "advanceX" : 22,
         "bearingX" : 1,
         "bearingY" : 36,
         "character" : "$",
         "frame" : {
            "h" : 39.0,
            "w" : 20.0,
            "x" : 13.0,
            "y" : 429.0
         }
      },
      {
         "advanceX" : 36,
         "bearingX" : 1,
         "bearingY" : 34,
         "character" : "%",
         "frame" : {
            "h" : 34.0,
            "w" : 34.0,
            "x" : 48.0,
            "y" : 434.0
         }
      },
      {
         "advanceX" : 28,
         "bearingX" : 1,
         "bearingY" : 34,
         "character" : "&",
         "frame" : {
            "h" : 34.0,
            "w" : 27.0,
            "x" : 93.0,
            "y" : 434.0
         }
      },
      {
         "advanceX" : 26,
         "bearingX" : 0,
         "bearingY" : 34,
         "character" : "^",
         "frame" : {
            "h" : 22.0,
            "w" : 26.0,
            "x" : 136.0,
            "y" : 446.0
         }
      },
      {
         "advanceX" : 22,
         "bearingX" : 2,
         "bearingY" : 29,
         "character" : "<",
         "frame" : {
            "h" : 25.0,
            "w" : 18.0,
            "x" : 182.0,
            "y" : 443.0
         }
      },
      {
         "advanceX" : 22,
         "bearingX" : 2,
         "bearingY" : 29,
         "character" : ">",
         "frame" : {
            "h" : 25.0,
            "w" : 18.0,
            "x" : 224.0,
            "y" : 443.0
         }
      },
      {
         "advanceX" : 17,
         "bearingX" : 0,
         "bearingY" : 34,
         "character" : "{",
         "frame" : {
            "h" : 42.0,
            "w" : 17.0,
            "x" : 266.0,
            "y" : 426.0
         }
      },
      {
         "advanceX" : 17,
         "bearingX" : 0,
         "bearingY" : 34,
         "character" : "}",
         "frame" : {
            "h" : 42.0,
            "w" : 17.0,
            "x" : 308.0,
            "y" : 426.0
         }
      },
      {
         "advanceX" : 15,
         "bearingX" : 3,
         "bearingY" : 34,
         "character" : "[",
         "frame" : {
            "h" : 42.0,
            "w" : 11.0,
            "x" : 353.0,
            "y" : 426.0
         }
      },
      {
         "advanceX" : 15,
         "bearingX" : 1,
         "bearingY" : 34,
         "character" : "]",
         "frame" : {
            "h" : 42.0,
            "w" : 11.0,
            "x" : 395.0,
            "y" : 426.0
         }
      },
      {
         "advanceX" : 16,
         "bearingX" : 1,
         "bearingY" : 34,
         "character" : "(",
         "frame" : {
            "h" : 42.0,
            "w" : 14.0,
            "x" : 16.0,
            "y" : 478.0
         }
      },
      {
         "advanceX" : 16,
         "bearingX" : 1,
         "bearingY" : 34,
         "character" : ")",
         "frame" : {
            "h" : 42.0,
            "w" : 14.0,
            "x" : 58.0,
            "y" : 478.0
         }
      }
   ],
   "lineHeight" : 48,
   "size" : 48
}
