{
   "baseline" : 18,
   "characterSet" : "abcdefghijklmnopqrstuvwxyzABCDEFGHIJKLMNOPQRSTUVWXYZ0123456789 ,.?!'\"_+-=*:;#/\\@$%&^<>{}[]()",
   "file" : "OpenSans-CondBold_24",
   "glyphs" : [
      {
         "advanceX" : 11,
         "bearingX" : 0,
         "bearingY" : 13,
         "character" : "a",
         "frame" : {
            "h" : 13.0,
            "w" : 10.0,
            "x" : 8.0,
            "y" : 15.0
         }
      },
      {
         "advanceX" : 12,
         "bearingX" : 1,
         "bearingY" : 18,
         "character" : "b",
         "frame" : {
            "h" : 18.0,
            "w" : 11.0,
            "x" : 31.0,
            "y" : 10.0
         }
      },
      {
         "advanceX" : 9,
         "bearingX" : 0,
         "bearingY" : 13,
         "character" : "c",
         "frame" : {
            "h" : 13.0,
            "w" : 9.0,
            "x" : 55.0,
            "y" : 15.0
         }
      },
      {
         "advanceX" : 12,
         "bearingX" : 0,
         "bearingY" : 18,
         "character" : "d",
         "frame" : {
            "h" : 18.0,
            "w" : 11.0,
            "x" : 77.0,
            "y" : 10.0
         }
      },
      {
         "advanceX" : 11,
         "bearingX" : 0,
         "bearingY" : 13,
         "character" : "e",
         "frame" : {
            "h" : 13.0,
            "w" : 11.0,
            "x" : 100.0,
            "y" : 15.0
         }
      },
      {
         "advanceX" : 7,
         "bearingX" : 0,
         "bearingY" : 18,
         "character" : "f",
         "frame" : {
            "h" : 18.0,
            "w" : 8.0,
            "x" : 124.0,
            "y" : 10.0
         }
      },
      {
         "advanceX" : 11,
         "bearingX" : 0,
         "bearingY" : 13,
         "character" : "g",
         "frame" : {
            "h" : 19.0,
            "w" : 11.0,
            "x" : 146.0,
            "y" : 9.0
         }
      },
      {
         "advanceX" : 12,
         "bearingX" : 1,
         "bearingY" : 18,
         "character" : "h",
         "frame" : {
            "h" : 18.0,
            "w" : 10.0,
            "x" : 169.0,
            "y" : 10.0
         }
      },
      {
         "advanceX" : 6,
         "bearingX" : 1,
         "bearingY" : 18,
         "character" : "i",
         "frame" : {
            "h" : 18.0,
            "w" : 4.0,
            "x" : 195.0,
            "y" : 10.0
         }
      },
      {
         "advanceX" : 6,
         "bearingX" : -1,
         "bearingY" : 18,
         "character" : "j",
         "frame" : {
            "h" : 24.0,
            "w" : 6.0,
            "x" : 217.0,
            "y" : 4.0
         }
      },
      {
         "advanceX" : 11,
         "bearingX" : 1,
         "bearingY" : 18,
         "character" : "k",
         "frame" : {
            "h" : 18.0,
            "w" : 10.0,
            "x" : 8.0,
            "y" : 38.0
         }
      },
      {
         "advanceX" : 6,
         "bearingX" : 1,
         "bearingY" : 18,
         "character" : "l",
         "frame" : {
            "h" : 18.0,
            "w" : 4.0,
            "x" : 34.0,
            "y" : 38.0
         }
      },
      {
         "advanceX" : 19,
         "bearingX" : 1,
         "bearingY" : 13,
         "character" : "m",
         "frame" : {
            "h" : 13.0,
            "w" : 17.0,
            "x" : 51.0,
            "y" : 43.0
         }
      },
      {
         "advanceX" : 12,
         "bearingX" : 1,
         "bearingY" : 13,
         "character" : "n",
         "frame" : {
            "h" : 13.0,
            "w" : 10.0,
            "x" : 77.0,
            "y" : 43.0
         }
      },
      {
         "advanceX" : 12,
         "bearingX" : 0,
         "bearingY" : 13,
         "character" : "o",
         "frame" : {
            "h" : 13.0,
            "w" : 12.0,
            "x" : 99.0,
            "y" : 43.0
         }
      },
      {
         "advanceX" : 12,
         "bearingX" : 1,
         "bearingY" : 13,
         "character" : "p",
         "frame" : {
            "h" : 19.0,
            "w" : 11.0,
            "x" : 123.0,
            "y" : 37.0
         }
      },
      {
         "advanceX" : 12,
         "bearingX" : 0,
         "bearingY" : 13,
         "character" : "q",
         "frame" : {
            "h" : 19.0,
            "w" : 11.0,
            "x" : 146.0,
            "y" : 37.0
         }
      },
      {
         "advanceX" : 8,
         "bearingX" : 1,
         "bearingY" : 13,
         "character" : "r",
         "frame" : {
            "h" : 13.0,
            "w" : 7.0,
            "x" : 171.0,
            "y" : 43.0
         }
      },
      {
         "advanceX" : 9,
         "bearingX" : 0,
         "bearingY" : 13,
         "character" : "s",
         "frame" : {
            "h" : 13.0,
            "w" : 9.0,
            "x" : 193.0,
            "y" : 43.0
         }
      },
      {
         "advanceX" : 8,
         "bearingX" : 0,
         "bearingY" : 16,
         "character" : "t",
         "frame" : {
            "h" : 16.0,
            "w" : 8.0,
            "x" : 216.0,
            "y" : 40.0
         }
      },
      {
         "advanceX" : 12,
         "bearingX" : 1,
         "bearingY" : 13,
         "character" : "u",
         "frame" : {
            "h" : 13.0,
            "w" : 10.0,
            "x" : 8.0,
            "y" : 71.0
         }
      },
      {
         "advanceX" : 11,
         "bearingX" : 0,
         "bearingY" : 13,
         "character" : "v",
         "frame" : {
            "h" : 13.0,
            "w" : 11.0,
            "x" : 31.0,
            "y" : 71.0
         }
      },
      {
         "advanceX" : 17,
         "bearingX" : 0,
         "bearingY" : 13,
         "character" : "w",
         "frame" : {
            "h" : 13.0,
            "w" : 17.0,
            "x" : 51.0,
            "y" : 71.0
         }
      },
      {
         "advanceX" : 10,
         "bearingX" : 0,
         "bearingY" : 13,
         "character" : "x",
         "frame" : {
            "h" : 13.0,
            "w" : 10.0,
            "x" : 77.0,
            "y" : 71.0
         }
      },
      {
         "advanceX" : 11,
         "bearingX" : 0,
         "bearingY" : 13,
         "character" : "y",
         "frame" : {
            "h" : 19.0,
            "w" : 11.0,
            "x" : 100.0,
            "y" : 65.0
         }
      },
      {
         "advanceX" : 9,
         "bearingX" : 0,
         "bearingY" : 13,
         "character" : "z",
         "frame" : {
            "h" : 13.0,
            "w" : 9.0,
            "x" : 124.0,
            "y" : 71.0
         }
      },
      {
         "advanceX" : 13,
         "bearingX" : 0,
         "bearingY" : 17,
         "character" : "A",
         "frame" : {
            "h" : 17.0,
            "w" : 13.0,
            "x" : 145.0,
            "y" : 67.0
         }
      },
      {
         "advanceX" : 12,
         "bearingX" : 1,
         "bearingY" : 17,
         "character" : "B",
         "frame" : {
            "h" : 17.0,
            "w" : 11.0,
            "x" : 169.0,
            "y" : 67.0
         }
      },
      {
         "advanceX" : 11,
         "bearingX" : 0,
         "bearingY" : 17,
         "character" : "C",
         "frame" : {
            "h" : 17.0,
            "w" : 11.0,
            "x" : 192.0,
            "y" : 67.0
         }
      },
      {
         "advanceX" : 13,
         "bearingX" : 1,
         "bearingY" : 17,
         "character" : "D",
         "frame" : {
            "h" : 17.0,
            "w" : 12.0,
            "x" : 214.0,
            "y" : 67.0
         }
      },
      {
         "advanceX" : 10,
         "bearingX" : 1,
         "bearingY" : 17,
         "character" : "E",
         "frame" : {
            "h" : 17.0,
            "w" : 9.0,
            "x" : 9.0,
            "y" : 95.0
         }
      },
      {
         "advanceX" : 10,
         "bearingX" : 1,
         "bearingY" : 17,
         "character" : "F",
         "frame" : {
            "h" : 17.0,
            "w" : 9.0,
            "x" : 32.0,
            "y" : 95.0
         }
      },
      {
         "advanceX" : 13,
         "bearingX" : 0,
         "bearingY" : 17,
         "character" : "G",
         "frame" : {
            "h" : 17.0,
            "w" : 12.0,
            "x" : 53.0,
            "y" : 95.0
         }
      },
      {
         "advanceX" : 14,
         "bearingX" : 1,
         "bearingY" : 17,
         "character" : "H",
         "frame" : {
            "h" : 17.0,
            "w" : 12.0,
            "x" : 76.0,
            "y" : 95.0
         }
      },
      {
         "advanceX" : 7,
         "bearingX" : 2,
         "bearingY" : 17,
         "character" : "I",
         "frame" : {
            "h" : 17.0,
            "w" : 4.0,
            "x" : 103.0,
            "y" : 95.0
         }
      },
      {
         "advanceX" : 6,
         "bearingX" : -2,
         "bearingY" : 17,
         "character" : "J",
         "frame" : {
            "h" : 22.0,
            "w" : 7.0,
            "x" : 125.0,
            "y" : 90.0
         }
      },
      {
         "advanceX" : 12,
         "bearingX" : 1,
         "bearingY" : 17,
         "character" : "K",
         "frame" : {
            "h" : 17.0,
            "w" : 11.0,
            "x" : 146.0,
            "y" : 95.0
         }
      },
      {
         "advanceX" : 10,
         "bearingX" : 1,
         "bearingY" : 17,
         "character" : "L",
         "frame" : {
            "h" : 17.0,
            "w" : 9.0,
            "x" : 170.0,
            "y" : 95.0
         }
      },
      {
         "advanceX" : 19,
         "bearingX" : 1,
         "bearingY" : 17,
         "character" : "M",
         "frame" : {
            "h" : 17.0,
            "w" : 17.0,
            "x" : 189.0,
            "y" : 95.0
         }
      },
      {
         "advanceX" : 15,
         "bearingX" : 1,
         "bearingY" : 17,
         "character" : "N",
         "frame" : {
            "h" : 17.0,
            "w" : 13.0,
            "x" : 214.0,
            "y" : 95.0
         }
      },
      {
         "advanceX" : 14,
         "bearingX" : 0,
         "bearingY" : 17,
         "character" : "O",
         "frame" : {
            "h" : 17.0,
            "w" : 14.0,
            "x" : 6.0,
            "y" : 123.0
         }
      },
      {
         "advanceX" : 12,
         "bearingX" : 1,
         "bearingY" : 17,
         "character" : "P",
         "frame" : {
            "h" : 17.0,
            "w" : 11.0,
            "x" : 31.0,
            "y" : 123.0
         }
      },
      {
         "advanceX" : 14,
         "bearingX" : 0,
         "bearingY" : 17,
         "character" : "Q",
         "frame" : {
            "h" : 21.0,
            "w" : 14.0,
            "x" : 52.0,
            "y" : 119.0
         }
      },
      {
         "advanceX" : 12,
         "bearingX" : 1,
         "bearingY" : 17,
         "character" : "R",
         "frame" : {
            "h" : 17.0,
            "w" : 11.0,
            "x" : 77.0,
            "y" : 123.0
         }
      },
      {
         "advanceX" : 10,
         "bearingX" : 0,
         "bearingY" : 17,
         "character" : "S",
         "frame" : {
            "h" : 17.0,
            "w" : 10.0,
            "x" : 100.0,
            "y" : 123.0
         }
      },
      {
         "advanceX" : 10,
         "bearingX" : 0,
         "bearingY" : 17,
         "character" : "T",
         "frame" : {
            "h" : 17.0,
            "w" : 10.0,
            "x" : 123.0,
            "y" : 123.0
         }
      },
      {
         "advanceX" : 13,
         "bearingX" : 1,
         "bearingY" : 17,
         "character" : "U",
         "frame" : {
            "h" : 17.0,
            "w" : 11.0,
            "x" : 146.0,
            "y" : 123.0
         }
      },
      {
         "advanceX" : 12,
         "bearingX" : 0,
         "bearingY" : 17,
         "character" : "V",
         "frame" : {
            "h" : 17.0,
            "w" : 12.0,
            "x" : 168.0,
            "y" : 123.0
         }
      },
      {
         "advanceX" : 19,
         "bearingX" : 0,
         "bearingY" : 17,
         "character" : "W",
         "frame" : {
            "h" : 17.0,
            "w" : 19.0,
            "x" : 188.0,
            "y" : 123.0
         }
      },
      {
         "advanceX" : 11,
         "bearingX" : 0,
         "bearingY" : 17,
         "character" : "X",
         "frame" : {
            "h" : 17.0,
            "w" : 11.0,
            "x" : 215.0,
            "y" : 123.0
         }
      },
      {
         "advanceX" : 11,
         "bearingX" : 0,
         "bearingY" : 17,
         "character" : "Y",
         "frame" : {
            "h" : 17.0,
            "w" : 11.0,
            "x" : 8.0,
            "y" : 151.0
         }
      },
      {
         "advanceX" : 10,
         "bearingX" : 0,
         "bearingY" : 17,
         "character" : "Z",
         "frame" : {
            "h" : 17.0,
            "w" : 10.0,
            "x" : 31.0,
            "y" : 151.0
         }
      },
      {
         "advanceX" : 11,
         "bearingX" : 0,
         "bearingY" : 17,
         "character" : "0",
         "frame" : {
            "h" : 17.0,
            "w" : 11.0,
            "x" : 54.0,
            "y" : 151.0
         }
      },
      {
         "advanceX" : 11,
         "bearingX" : 1,
         "bearingY" : 17,
         "character" : "1",
         "frame" : {
            "h" : 17.0,
            "w" : 8.0,
            "x" : 78.0,
            "y" : 151.0
         }
      },
      {
         "advanceX" : 11,
         "bearingX" : 0,
         "bearingY" : 17,
         "character" : "2",
         "frame" : {
            "h" : 17.0,
            "w" : 10.0,
            "x" : 100.0,
            "y" : 151.0
         }
      },
      {
         "advanceX" : 11,
         "bearingX" : 0,
         "bearingY" : 17,
         "character" : "3",
         "frame" : {
            "h" : 17.0,
            "w" : 10.0,
            "x" : 123.0,
            "y" : 151.0
         }
      },
      {
         "advanceX" : 11,
         "bearingX" : 0,
         "bearingY" : 17,
         "character" : "4",
         "frame" : {
            "h" : 17.0,
            "w" : 11.0,
            "x" : 146.0,
            "y" : 151.0
         }
      },
      {
         "advanceX" : 11,
         "bearingX" : 1,
         "bearingY" : 17,
         "character" : "5",
         "frame" : {
            "h" : 17.0,
            "w" : 9.0,
            "x" : 170.0,
            "y" : 151.0
         }
      },
      {
         "advanceX" : 11,
         "bearingX" : 0,
         "bearingY" : 17,
         "character" : "6",
         "frame" : {
            "h" : 17.0,
            "w" : 11.0,
            "x" : 192.0,
            "y" : 151.0
         }
      },
      {
         "advanceX" : 11,
         "bearingX" : 0,
         "bearingY" : 17,
         "character" : "7",
         "frame" : {
            "h" : 17.0,
            "w" : 11.0,
            "x" : 215.0,
            "y" : 151.0
         }
      },
      {
         "advanceX" : 11,
         "bearingX" : 0,
         "bearingY" : 17,
         "character" : "8",
         "frame" : {
            "h" : 17.0,
            "w" : 11.0,
            "x" : 8.0,
            "y" : 179.0
         }
      },
      {
         "advanceX" : 11,
         "bearingX" : 0,
         "bearingY" : 17,
         "character" : "9",
         "frame" : {
            "h" : 17.0,
            "w" : 11.0,
            "x" : 31.0,
            "y" : 179.0
         }
      },
      {
         "advanceX" : 6,
         "bearingX" : 0,
         "bearingY" : 0,
         "character" : " ",
         "frame" : {
            "h" : 0.0,
            "w" : 0.0,
            "x" : 59.0,
            "y" : 196.0
         }
      },
      {
         "advanceX" : 6,
         "bearingX" : 0,
         "bearingY" : 3,
         "character" : ",",
         "frame" : {
            "h" : 6.0,
            "w" : 5.0,
            "x" : 80.0,
            "y" : 190.0
         }
      },
      {
         "advanceX" : 6,
         "bearingX" : 1,
         "bearingY" : 4,
         "character" : ".",
         "frame" : {
            "h" : 4.0,
            "w" : 5.0,
            "x" : 103.0,
            "y" : 192.0
         }
      },
      {
         "advanceX" : 9,
         "bearingX" : 0,
         "bearingY" : 17,
         "character" : "?",
         "frame" : {
            "h" : 17.0,
            "w" : 9.0,
            "x" : 124.0,
            "y" : 179.0
         }
      },
      {
         "advanceX" : 7,
         "bearingX" : 1,
         "bearingY" : 17,
         "character" : "!",
         "frame" : {
            "h" : 17.0,
            "w" : 5.0,
            "x" : 149.0,
            "y" : 179.0
         }
      },
      {
         "advanceX" : 6,
         "bearingX" : 1,
         "bearingY" : 17,
         "character" : "'",
         "frame" : {
            "h" : 6.0,
            "w" : 4.0,
            "x" : 172.0,
            "y" : 190.0
         }
      },
      {
         "advanceX" : 11,
         "bearingX" : 1,
         "bearingY" : 17,
         "character" : "\"",
         "frame" : {
            "h" : 6.0,
            "w" : 9.0,
            "x" : 193.0,
            "y" : 190.0
         }
      },
      {
         "advanceX" : 8,
         "bearingX" : -1,
         "bearingY" : -2,
         "character" : "_",
         "frame" : {
            "h" : 2.0,
            "w" : 10.0,
            "x" : 215.0,
            "y" : 194.0
         }
      },
      {
         "advanceX" : 11,
         "bearingX" : 1,
         "bearingY" : 15,
         "character" : "+",
         "frame" : {
            "h" : 12.0,
            "w" : 9.0,
            "x" : 9.0,
            "y" : 212.0
         }
      },
      {
         "advanceX" : 8,
         "bearingX" : 0,
         "bearingY" : 8,
         "character" : "-",
         "frame" : {
            "h" : 3.0,
            "w" : 8.0,
            "x" : 32.0,
            "y" : 221.0
         }
      },
      {
         "advanceX" : 11,
         "bearingX" : 1,
         "bearingY" : 12,
         "character" : "=",
         "frame" : {
            "h" : 7.0,
            "w" : 9.0,
            "x" : 55.0,
            "y" : 217.0
         }
      },
      {
         "advanceX" : 11,
         "bearingX" : 0,
         "bearingY" : 18,
         "character" : "*",
         "frame" : {
            "h" : 10.0,
            "w" : 11.0,
            "x" : 77.0,
            "y" : 214.0
         }
      },
      {
         "advanceX" : 6,
         "bearingX" : 1,
         "bearingY" : 13,
         "character" : ":",
         "frame" : {
            "h" : 13.0,
            "w" : 5.0,
            "x" : 103.0,
            "y" : 211.0
         }
      },
      {
         "advanceX" : 6,
         "bearingX" : 0,
         "bearingY" : 13,
         "character" : ";",
         "frame" : {
            "h" : 16.0,
            "w" : 6.0,
            "x" : 125.0,
            "y" : 208.0
         }
      },
      {
         "advanceX" : 13,
         "bearingX" : 0,
         "bearingY" : 17,
         "character" : "#",
         "frame" : {
            "h" : 17.0,
            "w" : 13.0,
            "x" : 145.0,
            "y" : 207.0
         }
      },
      {
         "advanceX" : 10,
         "bearingX" : 0,
         "bearingY" : 17,
         "character" : "/",
         "frame" : {
            "h" : 17.0,
            "w" : 10.0,
            "x" : 169.0,
            "y" : 207.0
         }
      },
      {
         "advanceX" : 10,
         "bearingX" : 0,
         "bearingY" : 17,
         "character" : "\\",
         "frame" : {
            "h" : 17.0,
            "w" : 10.0,
            "x" : 192.0,
            "y" : 207.0
         }
      },
      {
         "advanceX" : 17,
         "bearingX" : 0,
         "bearingY" : 17,
         "character" : "@",
         "frame" : {
            "h" : 19.0,
            "w" : 17.0,
            "x" : 212.0,
            "y" : 205.0
         }
      },
      {
         "advanceX" : 11,
         "bearingX" : 0,
         "bearingY" : 18,
         "character" : "$",
         "frame" : {
            "h" : 19.0,
            "w" : 11.0,
            "x" : 8.0,
            "y" : 233.0
         }
      },
      {
         "advanceX" : 18,
         "bearingX" : 0,
         "bearingY" : 17,
         "character" : "%",
         "frame" : {
            "h" : 17.0,
            "w" : 18.0,
            "x" : 27.0,
            "y" : 235.0
         }
      },
      {
         "advanceX" : 14,
         "bearingX" : 0,
         "bearingY" : 17,
         "character" : "&",
         "frame" : {
            "h" : 17.0,
            "w" : 14.0,
            "x" : 52.0,
            "y" : 235.0
         }
      },
      {
         "advanceX" : 13,
         "bearingX" : 0,
         "bearingY" : 17,
         "character" : "^",
         "frame" : {
            "h" : 11.0,
            "w" : 13.0,
            "x" : 76.0,
            "y" : 241.0
         }
      },
      {
         "advanceX" : 11,
         "bearingX" : 1,
         "bearingY" : 15,
         "character" : "<",
         "frame" : {
            "h" : 13.0,
            "w" : 9.0,
            "x" : 101.0,
            "y" : 239.0
         }
      },
      {
         "advanceX" : 11,
         "bearingX" : 1,
         "bearingY" : 15,
         "character" : ">",
         "frame" : {
            "h" : 13.0,
            "w" : 9.0,
            "x" : 124.0,
            "y" : 239.0
         }
      },
      {
         "advanceX" : 9,
         "bearingX" : 0,
         "bearingY" : 17,
         "character" : "{",
         "frame" : {
            "h" : 21.0,
            "w" : 9.0,
            "x" : 147.0,
            "y" : 231.0
         }
      },
      {
         "advanceX" : 9,
         "bearingX" : 0,
         "bearingY" : 17,
         "character" : "}",
         "frame" : {
            "h" : 21.0,
            "w" : 9.0,
            "x" : 170.0,
            "y" : 231.0
         }
      },
      {
         "advanceX" : 8,
         "bearingX" : 1,
         "bearingY" : 17,
         "character" : "[",
         "frame" : {
            "h" : 21.0,
            "w" : 7.0,
            "x" : 194.0,
            "y" : 231.0
         }
      },
      {
         "advanceX" : 8,
         "bearingX" : 0,
         "bearingY" : 17,
         "character" : "]",
         "frame" : {
            "h" : 21.0,
            "w" : 7.0,
            "x" : 217.0,
            "y" : 231.0
         }
      },
      {
         "advanceX" : 8,
         "bearingX" : 0,
         "bearingY" : 17,
         "character" : "(",
         "frame" : {
            "h" : 21.0,
            "w" : 8.0,
            "x" : 9.0,
            "y" : 259.0
         }
      },
      {
         "advanceX" : 8,
         "bearingX" : 0,
         "bearingY" : 17,
         "character" : ")",
         "frame" : {
            "h" : 21.0,
            "w" : 8.0,
            "x" : 32.0,
            "y" : 259.0
         }
      }
   ],
   "lineHeight" : 24,
   "size" : 24
}
