{
  "application": {
    "disableSplash": true
  },

  "renderer": {
    "clearColor": "0x6495edff" //hex RGBA color value
  },

  "resources": {
    "autoLoad": true
  },

  "window": {
    "title": "GameDev2D",
    "width": 1280,
    "height": 720,
    "fullscreen": false,
    "vsync": true
  },

  "debug": {
    "drawFps": true,
    "drawElapsed": false,
    "drawDelta": false,
    "drawTotalDrawCalls": false,
    "drawFrameDrawCalls": true,
    "drawCameraPosition": false,
    "drawSpriteOutline": false
  }
}